{
  "occupation_type": {
    "Accountants": 0.048336280993033554,
    "Cleaning staff": 0.09603416002456973,
    "Cooking staff": 0.10440014912601892,
    "Core staff": 0.06304594953569864,
    "Drivers": 0.11324382357462895,
    "HR staff": 0.06423610505160322,
    "High skill tech staff": 0.06161609202761797,
    "IT staff": 0.06493897051225495,
    "Laborers": 0.10578315979771304,
    "Low-skill Laborers": 0.17109238620759326,
    "Managers": 0.06214897751249093,
    "Medicine staff": 0.06701851973728426,
    "Private service staff": 0.06604330886347433,
    "Realty agents": 0.07859039184568811,
    "Sales staff": 0.09631313179479847,
    "Secretaries": 0.07057588455860735,
    "Security staff": 0.10738482962332026,
    "Unknown": 0.06513218004164449,
    "Waiters/barmen staff": 0.11252377628466027,
    "_fallback": 0.08072881945686496
  },
  "income_type": {
    "Businessman": 0.04036440972843248,
    "Commercial associate": 0.07484338710534531,
    "Maternity leave": 0.18715254630457662,
    "Pensioner": 0.05386851275364026,
    "State servant": 0.05756032276491358,
    "Student": 0.028831721234594626,
    "Unemployed": 0.2752277560802703,
    "Working": 0.09588376214350672,
    "_fallback": 0.08072881945686496
  },
  "organization_type": {
    "Advertising": 0.08156557675300376,
    "Agriculture": 0.10462958124779571,
    "Bank": 0.05196952252465978,
    "Business Entity Type 1": 0.08138259729639118,
    "Business Entity Type 2": 0.08527949334417956,
    "Business Entity Type 3": 0.09299443087254153,
    "Cleaning": 0.11039736368358759,
    "Construction": 0.11674450872003694,
    "Culture": 0.05605986682408393,
    "Electricity": 0.06646592520267568,
    "Emergency": 0.07159173367468184,
    "Government": 0.06979136625644024,
    "Hotel": 0.06435172970754985,
    "Housing": 0.07944989494426169,
    "Industry: type 1": 0.11039779618166698,
    "Industry: type 10": 0.06560746381990462,
    "Industry: type 11": 0.08651705534066642,
    "Industry: type 12": 0.0390693619909463,
    "Industry: type 13": 0.12736737915024218,
    "Industry: type 2": 0.07223779528753985,
    "Industry: type 3": 0.1060849416650148,
    "Industry: type 4": 0.10124835196681922,
    "Industry: type 5": 0.06864907749518662,
    "Industry: type 6": 0.07219088684072664,
    "Industry: type 7": 0.08033962657142647,
    "Industry: type 8": 0.11197906454613675,
    "Industry: type 9": 0.06684644410733234,
    "Insurance": 0.05734314364838328,
    "Kindergarten": 0.07036390249558326,
    "Legal Services": 0.0787532958557735,
    "Medicine": 0.06585801019321329,
    "Military": 0.05136432987691704,
    "Mobile": 0.09115378652773287,
    "Other": 0.07642768155481751,
    "Police": 0.05010943776885098,
    "Postal": 0.08435961614885494,
    "Realtor": 0.10543667042997204,
    "Religion": 0.0611293494165121,
    "Restaurant": 0.11686287105687461,
    "School": 0.05917188455515766,
    "Security": 0.09972590979262162,
    "Security Ministries": 0.048793996065810814,
    "Self-employed": 0.10173357160466838,
    "Services": 0.06612447204704648,
    "Telecom": 0.07633268857677794,
    "Trade: type 1": 0.08884717372784538,
    "Trade: type 2": 0.0700561718296171,
    "Trade: type 3": 0.10331447407040795,
    "Trade: type 4": 0.037936326953630396,
    "Trade: type 5": 0.06453030838251948,
    "Trade: type 6": 0.0465012296327124,
    "Trade: type 7": 0.0944786746836588,
    "Transport: type 1": 0.04648003883681824,
    "Transport: type 2": 0.0780520723552704,
    "Transport: type 3": 0.15689831929370815,
    "Transport: type 4": 0.09278980920757555,
    "University": 0.04922011084111343,
    "XNA": 0.05400128716225929,
    "_fallback": 0.08072881945686496
  },
  "education_type": {
    "Academic degree": 0.02188096663545201,
    "Higher education": 0.05355478327560761,
    "Incomplete higher": 0.08484565842272467,
    "Lower secondary": 0.10920211400798971,
    "Secondary / secondary special": 0.08939889143453816,
    "_fallback": 0.08072881945686496
  },
  "family_status": {
    "Civil marriage": 0.09943955978494438,
    "Married": 0.07559894161225486,
    "Separated": 0.08194172336676284,
    "Single / not married": 0.09807293721552711,
    "Unknown": 0.06727401621405413,
    "Widow": 0.05825613667502601,
    "_fallback": 0.08072881945686496
  },
  "housing_type": {
    "Co-op apartment": 0.0793350602425518,
    "House / apartment": 0.07795720903918443,
    "Municipal apartment": 0.085393307262983,
    "Office apartment": 0.06578122885213881,
    "Rented apartment": 0.12304381275701669,
    "With parents": 0.116956719743742,
    "_fallback": 0.08072881945686496
  },
  "contract_type": {
    "Cash loans": 0.0834590295073877,
    "Revolving loans": 0.05479215023369076,
    "_fallback": 0.08072881945686496
  }
}