{
  "model_type": "catboost",
  "features": [
    "recency_days",
    "frequency",
    "monetary_total",
    "monetary_avg",
    "order_value_std",
    "order_value_cv",
    "order_value_max",
    "order_value_range",
    "n_categories",
    "category_concentration",
    "boleto_ratio",
    "credit_card_ratio",
    "avg_installments",
    "max_installments",
    "avg_review_score",
    "low_review_ratio",
    "review_rate",
    "late_delivery_ratio",
    "avg_delivery_days",
    "delivery_time_std",
    "avg_days_between_orders",
    "weekend_order_ratio",
    "order_span_days"
  ],
  "target": "is_risky_customer",
  "target_description": "Proxy label: e-commerce behavioral risk (cancellations, disputes, extreme dissatisfaction). NOT a real credit default outcome.",
  "optimal_threshold": 0.1,
  "test_metrics": {
    "model_name": "catboost",
    "accuracy": 0.9996372305140961,
    "precision": 0.9965069860279441,
    "recall": 1.0,
    "f1_score": 0.9982504373906523,
    "roc_auc": 0.9999994644837364,
    "pr_auc": 0.9999952377149515,
    "confusion_matrix": [
      [
        17292,
        7
      ],
      [
        0,
        1997
      ]
    ],
    "optimal_threshold": 0.1,
    "optimal_f1": 0.9982504373906523,
    "optimal_precision": 0.9965069860279441,
    "optimal_recall": 1.0,
    "optimal_accuracy": 0.9996372305140961,
    "cv_score": 0.9999997667708753,
    "train_time": 3118.8174798488617
  },
  "all_model_metrics": {
    "xgboost": {
      "model_name": "xgboost",
      "accuracy": 0.9996372305140961,
      "precision": 0.9965069860279441,
      "recall": 1.0,
      "f1_score": 0.9982504373906523,
      "roc_auc": 0.9999990447547731,
      "pr_auc": 0.9999917316751384,
      "optimal_threshold": 0.7599999999999997,
      "optimal_f1": 0.9985,
      "optimal_precision": 0.9970044932601099,
      "optimal_recall": 1.0,
      "optimal_accuracy": 0.9996890547263682,
      "cv_score": 0.9999997748148619,
      "train_time": 243.47628259658813
    },
    "lightgbm": {
      "model_name": "lightgbm",
      "accuracy": 0.9996890547263682,
      "precision": 0.9975012493753124,
      "recall": 0.99949924887331,
      "f1_score": 0.9984992496248124,
      "roc_auc": 0.9999992473825484,
      "pr_auc": 0.9999934807919987,
      "optimal_threshold": 0.5499999999999998,
      "optimal_f1": 0.9987490617963473,
      "optimal_precision": 0.998,
      "optimal_recall": 0.99949924887331,
      "optimal_accuracy": 0.9997408789386402,
      "cv_score": 0.9999997265617893,
      "train_time": 362.73985505104065
    },
    "catboost": {
      "model_name": "catboost",
      "accuracy": 0.9996372305140961,
      "precision": 0.9965069860279441,
      "recall": 1.0,
      "f1_score": 0.9982504373906523,
      "roc_auc": 0.9999994644837364,
      "pr_auc": 0.9999952377149515,
      "optimal_threshold": 0.1,
      "optimal_f1": 0.9982504373906523,
      "optimal_precision": 0.9965069860279441,
      "optimal_recall": 1.0,
      "optimal_accuracy": 0.9996372305140961,
      "cv_score": 0.9999997667708753,
      "train_time": 3118.8174798488617
    },
    "random_forest": {
      "model_name": "random_forest",
      "accuracy": 0.9996890547263682,
      "precision": 0.9970044932601099,
      "recall": 1.0,
      "f1_score": 0.9985,
      "roc_auc": 0.999970908440816,
      "pr_auc": 0.9994964867000533,
      "optimal_threshold": 0.6599999999999997,
      "optimal_f1": 0.9994994994994995,
      "optimal_precision": 0.9989994997498749,
      "optimal_recall": 1.0,
      "optimal_accuracy": 0.9998963515754561,
      "cv_score": 0.9999997426451138,
      "train_time": 500.86077666282654
    }
  },
  "dataset_stats": {
    "n_customers": 96478,
    "n_risky": 9984,
    "risky_pct": 10.348473227056946
  },
  "training_timestamp": "2026-07-22T02:20:03.141593",
  "random_seed": 42,
  "shap_importance": {
    "avg_review_score": 5.382461,
    "low_review_ratio": 3.250267,
    "late_delivery_ratio": 0.996939,
    "avg_delivery_days": 0.130059,
    "review_rate": 0.038408,
    "recency_days": 0.002982,
    "boleto_ratio": 0.002546,
    "max_installments": 0.002219,
    "monetary_total": 4.4e-05,
    "order_value_max": 1.3e-05,
    "frequency": 0.0,
    "order_value_cv": 0.0,
    "order_value_std": 0.0,
    "monetary_avg": 0.0,
    "order_value_range": 0.0,
    "credit_card_ratio": 0.0,
    "avg_installments": 0.0,
    "n_categories": 0.0,
    "category_concentration": 0.0,
    "delivery_time_std": 0.0,
    "avg_days_between_orders": 0.0,
    "weekend_order_ratio": 0.0,
    "order_span_days": 0.0
  }
}